scene_name,tile,platform,sensing_date,processing_baseline,product_uuid,esa_flag,failed_indicator,expected_reject,sensor_quality,geometric_quality,general_quality,format_correctness,radiometric_quality,degraded_anc_pct,degraded_msi_pct,nodata_pct,saturated_defective_pct,cloud_cover_pct,mask_defective_px,mask_nodata_px,mask_lost_packet_px,mask_saturated_px,source
S2B_MSIL1C_20240103T101329_N0510_R022_T32SPF_20240103T110304.SAFE,T32SPF,SENTINEL-2,2024-01-03T10:13:29.024000Z,,a9bc9cbc-fc27-469a-83b6-d74271d9cebb,PASSED,,0,PASSED,PASSED,PASSED,PASSED,PASSED,0.0,0.0,,,43.30720046268,,,,,ESA_OLQC
S2A_MSIL1C_20240105T100411_N0510_R122_T32SPF_20240105T105017.SAFE,T32SPF,SENTINEL-2,2024-01-05T10:04:11.024000Z,,850e9b5e-1243-4f9a-8d42-d6888c0a2cf9,PASSED,,0,PASSED,PASSED,PASSED,PASSED,PASSED,0.0,0.0,,,85.577323897399,,,,,ESA_OLQC
S2A_MSIL1C_20240108T101401_N0510_R022_T32SPF_20240108T120827.SAFE,T32SPF,SENTINEL-2,2024-01-08T10:14:01.024000Z,,f3ce8d9c-a366-409d-9446-b60c965e5b76,PASSED,,0,PASSED,PASSED,PASSED,PASSED,PASSED,0.0,0.0,,,40.040332186384,,,,,ESA_OLQC
S2B_MSIL1C_20240110T100309_N0510_R122_T32SPF_20240110T105002.SAFE,T32SPF,SENTINEL-2,2024-01-10T10:03:09.024000Z,,e6e40f21-32aa-45bf-9a6e-ebf679668c01,PASSED,,0,PASSED,PASSED,PASSED,PASSED,PASSED,0.0,0.0,,,99.953327958434,,,,,ESA_OLQC
S2B_MSIL1C_20240113T101309_N0510_R022_T32SPF_20240113T110023.SAFE,T32SPF,SENTINEL-2,2024-01-13T10:13:09.024000Z,,b8895c5e-cf7a-4055-8463-a5e00df4e8ca,PASSED,,0,PASSED,PASSED,PASSED,PASSED,PASSED,0.0,0.0,,,7.51122466064,,,,,ESA_OLQC
S2A_MSIL1C_20240115T100341_N0510_R122_T32SPF_20240115T105032.SAFE,T32SPF,SENTINEL-2,2024-01-15T10:03:41.024000Z,,0e537ccf-c9bf-4745-a3dc-ad546cd748ef,PASSED,,0,PASSED,PASSED,PASSED,PASSED,PASSED,0.0,0.0,,,54.601988712712,,,,,ESA_OLQC
S2A_MSIL1C_20240118T101331_N0510_R022_T32SPF_20240118T121139.SAFE,T32SPF,SENTINEL-2,2024-01-18T10:13:31.024000Z,,06f9f59b-ac8d-496e-a0f9-84c607046aaf,PASSED,,0,PASSED,PASSED,PASSED,PASSED,PASSED,0.0,0.0,,,25.202529527726,,,,,ESA_OLQC
S2B_MSIL1C_20240120T100239_N0510_R122_T32SPF_20240120T104942.SAFE,T32SPF,SENTINEL-2,2024-01-20T10:02:39.024000Z,,67cea21b-19fb-45cc-aae0-25d6524afd45,PASSED,,0,PASSED,PASSED,PASSED,PASSED,PASSED,0.0,0.0,,,37.647854519394,,,,,ESA_OLQC
S2B_MSIL1C_20240123T101229_N0510_R022_T32SPF_20240123T121348.SAFE,T32SPF,SENTINEL-2,2024-01-23T10:12:29.024000Z,,65d7646a-4c45-44cb-b4d3-e70fee7b0c7f,PASSED,,0,PASSED,PASSED,PASSED,PASSED,PASSED,0.0,0.0,,,99.943498717561,,,,,ESA_OLQC
S2A_MSIL1C_20240125T100311_N0510_R122_T32SPF_20240125T104959.SAFE,T32SPF,SENTINEL-2,2024-01-25T10:03:11.024000Z,,0cc30d11-0738-4505-ba21-e83634f1bff9,PASSED,,0,PASSED,PASSED,PASSED,PASSED,PASSED,0.0,0.0,,,0.109677804652,,,,,ESA_OLQC
S2A_MSIL1C_20240128T101301_N0510_R022_T32SPF_20240128T121047.SAFE,T32SPF,SENTINEL-2,2024-01-28T10:13:01.024000Z,,eb4be413-d510-4651-8705-d726df7350bd,PASSED,,0,PASSED,PASSED,PASSED,PASSED,PASSED,0.0,0.0,,,76.62503509662,,,,,ESA_OLQC
S2B_MSIL1C_20240130T100149_N0510_R122_T32SPF_20240130T120156.SAFE,T32SPF,SENTINEL-2,2024-01-30T10:01:49.024000Z,,47cf912f-b26a-409e-8464-d933f0123703,PASSED,,0,PASSED,PASSED,PASSED,PASSED,PASSED,0.0,0.0,,,1.678500387523,,,,,ESA_OLQC
S2B_MSIL1C_20240130T100149_N0510_R122_T32SPF_20240130T105301.SAFE,T32SPF,SENTINEL-2,2024-01-30T10:01:49.024000Z,,86220ee9-75cb-43ce-8783-6620b9ded396,PASSED,,0,PASSED,PASSED,PASSED,PASSED,PASSED,0.0,0.0,,,2.068703688463,,,,,ESA_OLQC
S2B_MSIL1C_20240202T101139_N0510_R022_T32SPF_20240202T121453.SAFE,T32SPF,SENTINEL-2,2024-02-02T10:11:39.024000Z,,4a24904b-70b1-4208-968d-57bc5385c422,PASSED,,0,PASSED,PASSED,PASSED,PASSED,PASSED,0.0,0.0,,,94.511435955179,,,,,ESA_OLQC
S2A_MSIL1C_20240204T100221_N0510_R122_T32SPF_20240204T105001.SAFE,T32SPF,SENTINEL-2,2024-02-04T10:02:21.024000Z,,53088cfa-46c5-425e-a3d0-882af1179993,PASSED,,0,PASSED,PASSED,PASSED,PASSED,PASSED,0.0,0.0,,,0.032846606348,,,,,ESA_OLQC
S2A_MSIL1C_20240207T101201_N0510_R022_T32SPF_20240207T121135.SAFE,T32SPF,SENTINEL-2,2024-02-07T10:12:01.024000Z,,e10a40fc-06de-4780-b074-ff26df868e39,PASSED,,0,PASSED,PASSED,PASSED,PASSED,PASSED,0.0,0.0,,,4.686559093535,,,,,ESA_OLQC
S2B_MSIL1C_20240209T100059_N0510_R122_T32SPF_20240209T120141.SAFE,T32SPF,SENTINEL-2,2024-02-09T10:00:59.024000Z,,820b007e-4f7f-4f74-a12e-d99daf9b560f,PASSED,,0,PASSED,PASSED,PASSED,PASSED,PASSED,0.0,0.0,,,89.632625638269,,,,,ESA_OLQC
S2B_MSIL1C_20240212T101039_N0510_R022_T32SPF_20240212T121142.SAFE,T32SPF,SENTINEL-2,2024-02-12T10:10:39.024000Z,,4d7c8e49-7fc6-463c-920c-4fde837bc42d,PASSED,,0,PASSED,PASSED,PASSED,PASSED,PASSED,0.0,0.0,,,83.003823722326,,,,,ESA_OLQC
S2A_MSIL1C_20240214T100121_N0510_R122_T32SPF_20240214T104957.SAFE,T32SPF,SENTINEL-2,2024-02-14T10:01:21.024000Z,,a5a3ba2b-1571-406f-bbb0-820dfff0110d,PASSED,,0,PASSED,PASSED,PASSED,PASSED,PASSED,0.0,0.0,,,11.329869509391,,,,,ESA_OLQC
S2A_MSIL1C_20240217T101101_N0510_R022_T32SPF_20240217T121359.SAFE,T32SPF,SENTINEL-2,2024-02-17T10:11:01.024000Z,,88d938d5-5ac8-4432-80f4-a48c1be2b7fc,PASSED,,0,PASSED,PASSED,PASSED,PASSED,PASSED,0.0,0.0,,,99.485612858792,,,,,ESA_OLQC
S2B_MSIL1C_20240219T095949_N0510_R122_T32SPF_20240219T120151.SAFE,T32SPF,SENTINEL-2,2024-02-19T09:59:49.024000Z,,5d1fa9cc-e4a5-4ece-8a5a-9669dbbc2a06,PASSED,,0,PASSED,PASSED,PASSED,PASSED,PASSED,0.0,0.0,,,34.734509839052,,,,,ESA_OLQC
S2B_MSIL1C_20240222T100939_N0510_R022_T32SPF_20240222T123415.SAFE,T32SPF,SENTINEL-2,2024-02-22T10:09:39.024000Z,,6e3b587d-f975-4fe0-877a-6c4811c8b2cb,PASSED,,0,PASSED,PASSED,PASSED,PASSED,PASSED,0.0,0.0,,,11.071447333859,,,,,ESA_OLQC
S2B_MSIL1C_20240222T100939_N0510_R022_T32SPF_20240222T120930.SAFE,T32SPF,SENTINEL-2,2024-02-22T10:09:39.024000Z,,c5a14c9c-156b-4439-a656-fe179390f74f,PASSED,,0,PASSED,PASSED,PASSED,PASSED,PASSED,0.0,0.0,,,12.124132121707,,,,,ESA_OLQC
S2A_MSIL1C_20240224T100021_N0510_R122_T32SPF_20240224T120031.SAFE,T32SPF,SENTINEL-2,2024-02-24T10:00:21.024000Z,,b0e1401b-5821-4922-9913-e5067267c037,PASSED,,0,PASSED,PASSED,PASSED,PASSED,PASSED,0.0,0.0,,,99.89548807071,,,,,ESA_OLQC
S2A_MSIL1C_20240227T100951_N0510_R022_T32SPF_20240227T121636.SAFE,T32SPF,SENTINEL-2,2024-02-27T10:09:51.025000Z,,80e4a796-7986-4971-a73a-a1c18f2abcd3,PASSED,,0,PASSED,PASSED,PASSED,PASSED,PASSED,0.0,0.0,,,99.992719510023,,,,,ESA_OLQC
S2B_MSIL1C_20240229T095839_N0510_R122_T32SPF_20240229T151937.SAFE,T32SPF,SENTINEL-2,2024-02-29T09:58:39.024000Z,,0cae28b2-05ce-405c-be16-e35fc2e8d9c2,PASSED,,0,PASSED,PASSED,PASSED,PASSED,PASSED,0.0,0.0,,,99.724327391084,,,,,ESA_OLQC
S2B_MSIL1C_20240303T100819_N0510_R022_T32SPF_20240303T121438.SAFE,T32SPF,SENTINEL-2,2024-03-03T10:08:19.024000Z,,be0e9bb1-9054-46f0-98e0-b2d51452091d,PASSED,,0,PASSED,PASSED,PASSED,PASSED,PASSED,0.0,0.0,,,6.390433892739,,,,,ESA_OLQC
S2A_MSIL1C_20240305T100031_N0510_R122_T32SPF_20240305T120434.SAFE,T32SPF,SENTINEL-2,2024-03-05T10:00:31.024000Z,,0d691e85-fdd4-4ca2-aa69-187168ea7e3f,PASSED,,0,PASSED,PASSED,PASSED,PASSED,PASSED,0.0,0.0,,,84.878497417062,,,,,ESA_OLQC
S2A_MSIL1C_20240308T100841_N0510_R022_T32SPF_20240308T120958.SAFE,T32SPF,SENTINEL-2,2024-03-08T10:08:41.024000Z,,d9ae292f-757b-4cc6-9d69-12b254d41eaf,PASSED,,0,PASSED,PASSED,PASSED,PASSED,PASSED,0.0,0.0,,,81.640195051665,,,,,ESA_OLQC
S2B_MSIL1C_20240310T095729_N0510_R122_T32SPF_20240310T123344.SAFE,T32SPF,SENTINEL-2,2024-03-10T09:57:29.024000Z,,b00b4f16-7cb7-467b-a7d1-f9910498c6b7,PASSED,,0,PASSED,PASSED,PASSED,PASSED,PASSED,0.0,0.0,,,99.991788348413,,,,,ESA_OLQC
S2B_MSIL1C_20240313T100709_N0510_R022_T32SPF_20240313T121251.SAFE,T32SPF,SENTINEL-2,2024-03-13T10:07:09.024000Z,,ee4d3f46-4373-4cf8-8bfe-63a0840deac1,PASSED,,0,PASSED,PASSED,PASSED,PASSED,PASSED,0.0,0.0,,,14.401874380282,,,,,ESA_OLQC
S2A_MSIL1C_20240315T100031_N0510_R122_T32SPF_20240315T120237.SAFE,T32SPF,SENTINEL-2,2024-03-15T10:00:31.024000Z,,b414d5cf-88a5-4c58-959a-d19f6605a706,PASSED,,0,PASSED,PASSED,PASSED,PASSED,PASSED,0.0,0.0,,,31.135566902565,,,,,ESA_OLQC
S2A_MSIL1C_20240318T100731_N0510_R022_T32SPF_20240318T120956.SAFE,T32SPF,SENTINEL-2,2024-03-18T10:07:31.024000Z,,86ed06f7-f40e-42a4-9332-72e565fd1fbe,PASSED,,0,PASSED,PASSED,PASSED,PASSED,PASSED,0.0,0.0,,,0.281298576279,,,,,ESA_OLQC
S2B_MSIL1C_20240320T095649_N0510_R122_T32SPF_20240320T120139.SAFE,T32SPF,SENTINEL-2,2024-03-20T09:56:49.024000Z,,a9acd801-753e-43dc-84d6-9f2f3329f3b1,PASSED,,0,PASSED,PASSED,PASSED,PASSED,PASSED,0.0,0.0,,,5.706829108065,,,,,ESA_OLQC
S2B_MSIL1C_20240323T100649_N0510_R022_T32SPF_20240323T121051.SAFE,T32SPF,SENTINEL-2,2024-03-23T10:06:49.024000Z,,51aacde0-b43a-4f2a-b654-779610a3888b,PASSED,,0,PASSED,PASSED,PASSED,PASSED,PASSED,0.0,0.0,,,32.410749045149,,,,,ESA_OLQC
S2A_MSIL1C_20240325T100031_N0510_R122_T32SPF_20240325T120110.SAFE,T32SPF,SENTINEL-2,2024-03-25T10:00:31.024000Z,,7a81995a-6b47-4912-9d39-24e939160738,PASSED,,0,PASSED,PASSED,PASSED,PASSED,PASSED,0.0,0.0,,,96.970736659799,,,,,ESA_OLQC
S2A_MSIL1C_20240328T100631_N0510_R022_T32SPF_20240328T120957.SAFE,T32SPF,SENTINEL-2,2024-03-28T10:06:31.024000Z,,9ee50591-3a76-4bd7-a682-535faca704ef,PASSED,,0,PASSED,PASSED,PASSED,PASSED,PASSED,0.0,0.0,,,2.419039325149,,,,,ESA_OLQC
S2B_MSIL1C_20240330T095559_N0510_R122_T32SPF_20240330T115956.SAFE,T32SPF,SENTINEL-2,2024-03-30T09:55:59.024000Z,,c9ae46ef-9661-4592-9411-b908e187266c,PASSED,,0,PASSED,PASSED,PASSED,PASSED,PASSED,0.0,0.0,,,0.0,,,,,ESA_OLQC
S2B_MSIL1C_20240402T100549_N0510_R022_T32SPF_20240402T120845.SAFE,T32SPF,SENTINEL-2,2024-04-02T10:05:49.024000Z,,627df607-b826-402e-a114-7c38a260da37,PASSED,,0,PASSED,PASSED,PASSED,PASSED,PASSED,0.0,0.0,,,43.136840640725,,,,,ESA_OLQC
S2A_MSIL1C_20240404T100021_N0510_R122_T32SPF_20240404T134104.SAFE,T32SPF,SENTINEL-2,2024-04-04T10:00:21.025000Z,,bc013a2f-e5ec-4abf-b0cb-5448c716057d,PASSED,,0,PASSED,PASSED,PASSED,PASSED,PASSED,0.0,0.0,,,0.0,,,,,ESA_OLQC
S2A_MSIL1C_20240404T100021_N0510_R122_T32SPF_20240404T120117.SAFE,T32SPF,SENTINEL-2,2024-04-04T10:00:21.025000Z,,e4dada3b-f75f-480d-a8c0-3b8e7a92412f,PASSED,,0,PASSED,PASSED,PASSED,PASSED,PASSED,0.0,0.0,,,0.0,,,,,ESA_OLQC
S2A_MSIL1C_20240407T100551_N0510_R022_T32SPF_20240407T135205.SAFE,T32SPF,SENTINEL-2,2024-04-07T10:05:51.024000Z,,25207061-ab45-4551-b708-43d6d99a076b,PASSED,,0,PASSED,PASSED,PASSED,PASSED,PASSED,0.0,0.0,,,14.100875728251,,,,,ESA_OLQC
S2B_MSIL1C_20240409T095549_N0510_R122_T32SPF_20240409T120640.SAFE,T32SPF,SENTINEL-2,2024-04-09T09:55:49.025000Z,,86acf097-bea3-4322-83c0-fcbe39f7cd59,FAILED,general_quality,1,PASSED,PASSED,FAILED,PASSED,PASSED,0.0,0.0,,,98.213204335752,,,,,ESA_OLQC
S2B_MSIL1C_20240412T100559_N0510_R022_T32SPF_20240412T121150.SAFE,T32SPF,SENTINEL-2,2024-04-12T10:05:59.026000Z,,f45e3859-10ed-480b-a04c-c20028b28943,PASSED,,0,PASSED,PASSED,PASSED,PASSED,PASSED,0.0,0.0,,,77.582636346632,,,,,ESA_OLQC
S2A_MSIL1C_20240414T100031_N0510_R122_T32SPF_20240414T134137.SAFE,T32SPF,SENTINEL-2,2024-04-14T10:00:31.024000Z,,9ea77ccb-4fc2-4438-94a0-be223ccdf5bc,PASSED,,0,PASSED,PASSED,PASSED,PASSED,PASSED,0.0,0.0,,,96.444444444444,,,,,ESA_OLQC
S2A_MSIL1C_20240417T100601_N0510_R022_T32SPF_20240417T153055.SAFE,T32SPF,SENTINEL-2,2024-04-17T10:06:01.024000Z,,d9fd9a96-2a94-4dd7-8625-3dde46228cd1,PASSED,,0,PASSED,PASSED,PASSED,PASSED,PASSED,0.0,0.0,,,17.304771078356,,,,,ESA_OLQC
S2B_MSIL1C_20240419T095549_N0510_R122_T32SPF_20240419T120134.SAFE,T32SPF,SENTINEL-2,2024-04-19T09:55:49.024000Z,,57146d7b-dc8f-4d99-a465-df54de5609ed,PASSED,,0,PASSED,PASSED,PASSED,PASSED,PASSED,0.0,0.0,,,43.982352414226,,,,,ESA_OLQC
S2B_MSIL1C_20240422T100559_N0510_R022_T32SPF_20240422T134853.SAFE,T32SPF,SENTINEL-2,2024-04-22T10:05:59.024000Z,,a49ac974-cc5e-480e-94fe-c8afdefa8db9,PASSED,,0,PASSED,PASSED,PASSED,PASSED,PASSED,0.0,0.0,,,3.741236619011,,,,,ESA_OLQC
S2A_MSIL1C_20240424T100031_N0510_R122_T32SPF_20240424T134008.SAFE,T32SPF,SENTINEL-2,2024-04-24T10:00:31.024000Z,,df706fff-fce7-40ed-8694-0b17cf653cad,PASSED,,0,PASSED,PASSED,PASSED,PASSED,PASSED,0.0,0.0,,,99.565797724626,,,,,ESA_OLQC
S2A_MSIL1C_20240427T100601_N0510_R022_T32SPF_20240427T134958.SAFE,T32SPF,SENTINEL-2,2024-04-27T10:06:01.024000Z,,5037f5eb-a46a-496a-bb4b-b65cd96f7ce5,PASSED,,0,PASSED,PASSED,PASSED,PASSED,PASSED,0.0,0.0,,,0.029861522168,,,,,ESA_OLQC
S2B_MSIL1C_20240429T095549_N0510_R122_T32SPF_20240429T123319.SAFE,T32SPF,SENTINEL-2,2024-04-29T09:55:49.024000Z,,977280e3-e572-43da-b4dd-8206483ded1d,PASSED,,0,PASSED,PASSED,PASSED,PASSED,PASSED,0.0,0.0,,,74.744423542059,,,,,ESA_OLQC
S2B_MSIL1C_20240502T100559_N0510_R022_T32SPF_20240502T121137.SAFE,T32SPF,SENTINEL-2,2024-05-02T10:05:59.024000Z,,bf91d0e0-2e8b-45ab-a15a-003da8141b57,PASSED,,0,PASSED,PASSED,PASSED,PASSED,PASSED,0.0,0.0,,,38.208128241595,,,,,ESA_OLQC
S2A_MSIL1C_20240504T100031_N0510_R122_T32SPF_20240504T120256.SAFE,T32SPF,SENTINEL-2,2024-05-04T10:00:31.024000Z,,5df5290a-2dfb-40af-a421-badaca587b61,PASSED,,0,PASSED,PASSED,PASSED,PASSED,PASSED,0.0,0.0,,,14.146495864314,,,,,ESA_OLQC
S2A_MSIL1C_20240507T100601_N0510_R022_T32SPF_20240507T121117.SAFE,T32SPF,SENTINEL-2,2024-05-07T10:06:01.024000Z,,429bd3f1-792b-4d3a-8052-9631d50cf80d,FAILED,geometric_quality,1,PASSED,FAILED,PASSED,PASSED,PASSED,0.0,0.0,,,11.283263765495,,,,,ESA_OLQC
S2B_MSIL1C_20240509T095549_N0510_R122_T32SPF_20240509T120213.SAFE,T32SPF,SENTINEL-2,2024-05-09T09:55:49.024000Z,,33b1dba4-7f41-4005-8318-a262670c2340,PASSED,,0,PASSED,PASSED,PASSED,PASSED,PASSED,0.0,0.0,,,96.80707097853,,,,,ESA_OLQC
S2B_MSIL1C_20240512T100559_N0510_R022_T32SPF_20240512T124602.SAFE,T32SPF,SENTINEL-2,2024-05-12T10:05:59.024000Z,,b348a1e0-29cd-4e8d-b64a-d5847f12f846,PASSED,,0,PASSED,PASSED,PASSED,PASSED,PASSED,0.0,0.0,,,0.0,,,,,ESA_OLQC
S2A_MSIL1C_20240514T100031_N0510_R122_T32SPF_20240514T115959.SAFE,T32SPF,SENTINEL-2,2024-05-14T10:00:31.024000Z,,ded339ba-5406-4671-8df7-90dfe1850ca0,PASSED,,0,PASSED,PASSED,PASSED,PASSED,PASSED,0.0,0.0,,,27.183821553346,,,,,ESA_OLQC
S2A_MSIL1C_20240517T100601_N0510_R022_T32SPF_20240517T152850.SAFE,T32SPF,SENTINEL-2,2024-05-17T10:06:01.024000Z,,f9def0ff-d8d6-4ea1-b406-dcb6b31efe72,PASSED,,0,PASSED,PASSED,PASSED,PASSED,PASSED,0.0,0.0,,,74.039891045568,,,,,ESA_OLQC
S2B_MSIL1C_20240519T095549_N0510_R122_T32SPF_20240519T120005.SAFE,T32SPF,SENTINEL-2,2024-05-19T09:55:49.024000Z,,bf6de126-eb0b-47aa-8b8c-ea92421926ae,PASSED,,0,PASSED,PASSED,PASSED,PASSED,PASSED,0.0,0.0,,,8.746245035683,,,,,ESA_OLQC
S2B_MSIL1C_20240522T100559_N0510_R022_T32SPF_20240522T120905.SAFE,T32SPF,SENTINEL-2,2024-05-22T10:05:59.024000Z,,ebf56c30-d2f3-4d12-a832-96a196740a68,PASSED,,0,PASSED,PASSED,PASSED,PASSED,PASSED,0.0,0.0,,,1.890464204599,,,,,ESA_OLQC
S2A_MSIL1C_20240524T100031_N0510_R122_T32SPF_20240524T134121.SAFE,T32SPF,SENTINEL-2,2024-05-24T10:00:31.024000Z,,6a7aba5e-ed60-4bd3-a14c-e28f329e8bbe,PASSED,,0,PASSED,PASSED,PASSED,PASSED,PASSED,0.0,0.0,,,46.052106661889,,,,,ESA_OLQC
S2A_MSIL1C_20240527T100601_N0510_R022_T32SPF_20240527T135100.SAFE,T32SPF,SENTINEL-2,2024-05-27T10:06:01.025000Z,,2df1f804-7a62-49e3-a63e-8d280b3188d2,PASSED,,0,PASSED,PASSED,PASSED,PASSED,PASSED,0.0,0.0,,,0.0,,,,,ESA_OLQC
S2B_MSIL1C_20240529T095549_N0510_R122_T32SPF_20240529T151752.SAFE,T32SPF,SENTINEL-2,2024-05-29T09:55:49.024000Z,,50d401c5-2e15-43ad-a32c-f5535e1cc163,PASSED,,0,PASSED,PASSED,PASSED,PASSED,PASSED,0.0,0.0,,,79.757502463495,,,,,ESA_OLQC
S2B_MSIL1C_20240601T100559_N0510_R022_T32SPF_20240601T121029.SAFE,T32SPF,SENTINEL-2,2024-06-01T10:05:59.024000Z,,4334804c-bdee-4ecb-8a38-0a24ff68c634,PASSED,,0,PASSED,PASSED,PASSED,PASSED,PASSED,0.0,0.0,,,31.005954733657,,,,,ESA_OLQC
S2A_MSIL1C_20240603T100031_N0510_R122_T32SPF_20240603T134002.SAFE,T32SPF,SENTINEL-2,2024-06-03T10:00:31.024000Z,,6bb00713-ff0f-482b-8c3a-9d7928b77872,PASSED,,0,PASSED,PASSED,PASSED,PASSED,PASSED,0.0,0.0,,,59.726805816835,,,,,ESA_OLQC
S2A_MSIL1C_20240606T100601_N0510_R022_T32SPF_20240606T153007.SAFE,T32SPF,SENTINEL-2,2024-06-06T10:06:01.024000Z,,4d507b56-795f-4547-b52b-3b3da33a2a1a,PASSED,,0,PASSED,PASSED,PASSED,PASSED,PASSED,0.0,0.0,,,0.0,,,,,ESA_OLQC
S2B_MSIL1C_20240608T095549_N0510_R122_T32SPF_20240608T120316.SAFE,T32SPF,SENTINEL-2,2024-06-08T09:55:49.024000Z,,3c2fd98d-da13-420c-8f8f-7c298f88e4c7,PASSED,,0,PASSED,PASSED,PASSED,PASSED,PASSED,0.0,0.0,,,0.989638388725,,,,,ESA_OLQC
S2B_MSIL1C_20240611T100559_N0510_R022_T32SPF_20240611T120915.SAFE,T32SPF,SENTINEL-2,2024-06-11T10:05:59.024000Z,,115c55b7-b3dc-4676-bd43-84fd0f6d403f,PASSED,,0,PASSED,PASSED,PASSED,PASSED,PASSED,0.0,0.0,,,0.0,,,,,ESA_OLQC
S2A_MSIL1C_20240613T100031_N0510_R122_T32SPF_20240613T134114.SAFE,T32SPF,SENTINEL-2,2024-06-13T10:00:31.024000Z,,b17a5c72-9c69-4599-aa38-5988e327e33e,PASSED,,0,PASSED,PASSED,PASSED,PASSED,PASSED,0.0,0.0,,,27.668547881394,,,,,ESA_OLQC
S2A_MSIL1C_20240616T100601_N0510_R022_T32SPF_20240616T153139.SAFE,T32SPF,SENTINEL-2,2024-06-16T10:06:01.024000Z,,f2049e55-0878-4658-b2c0-5338e668ec77,PASSED,,0,PASSED,PASSED,PASSED,PASSED,PASSED,0.0,0.0,,,84.848292599962,,,,,ESA_OLQC
S2B_MSIL1C_20240618T095549_N0510_R122_T32SPF_20240618T120207.SAFE,T32SPF,SENTINEL-2,2024-06-18T09:55:49.024000Z,,80824278-3386-4067-86e1-31f6cf481dae,PASSED,,0,PASSED,PASSED,PASSED,PASSED,PASSED,0.0,0.0,,,62.057810027173,,,,,ESA_OLQC
S2B_MSIL1C_20240621T100559_N0510_R022_T32SPF_20240621T134952.SAFE,T32SPF,SENTINEL-2,2024-06-21T10:05:59.025000Z,,a0560430-2a7a-4c90-9b73-8174e7e94354,PASSED,,0,PASSED,PASSED,PASSED,PASSED,PASSED,0.0,0.0,,,0.0,,,,,ESA_OLQC
S2A_MSIL1C_20240623T100031_N0510_R122_T32SPF_20240623T134011.SAFE,T32SPF,SENTINEL-2,2024-06-23T10:00:31.024000Z,,28af02fd-d881-413f-85af-e9c6ba4dc6fe,PASSED,,0,PASSED,PASSED,PASSED,PASSED,PASSED,0.0,0.0,,,21.62289109857,,,,,ESA_OLQC
S2A_MSIL1C_20240626T101031_N0510_R022_T32SPF_20240626T152850.SAFE,T32SPF,SENTINEL-2,2024-06-26T10:10:31.024000Z,,a7e67339-148b-4d7e-96cb-bc1ccb42f89b,PASSED,,0,PASSED,PASSED,PASSED,PASSED,PASSED,0.0,0.0,,,0.0,,,,,ESA_OLQC
S2B_MSIL1C_20240628T095549_N0510_R122_T32SPF_20240628T115919.SAFE,T32SPF,SENTINEL-2,2024-06-28T09:55:49.024000Z,,caf4b9cb-9921-4c80-8693-3fdfef273ea8,PASSED,,0,PASSED,PASSED,PASSED,PASSED,PASSED,0.0,0.0,,,0.0,,,,,ESA_OLQC
S2B_MSIL1C_20240701T100559_N0510_R022_T32SPF_20240701T121156.SAFE,T32SPF,SENTINEL-2,2024-07-01T10:05:59.024000Z,,5a6805ae-1704-4689-8ffe-90a3892a4a24,PASSED,,0,PASSED,PASSED,PASSED,PASSED,PASSED,0.0,0.0,,,8.736605416629,,,,,ESA_OLQC
S2A_MSIL1C_20240703T100031_N0510_R122_T32SPF_20240703T120322.SAFE,T32SPF,SENTINEL-2,2024-07-03T10:00:31.024000Z,,93af983f-7423-4664-95fa-3fa424e68d82,PASSED,,0,PASSED,PASSED,PASSED,PASSED,PASSED,0.0,0.0,,,21.330108393801,,,,,ESA_OLQC
S2A_MSIL1C_20240706T100601_N0510_R022_T32SPF_20240706T134953.SAFE,T32SPF,SENTINEL-2,2024-07-06T10:06:01.024000Z,,9d3a62ac-2252-4a95-8351-038cf1740f4c,PASSED,,0,PASSED,PASSED,PASSED,PASSED,PASSED,0.0,0.0,,,0.0,,,,,ESA_OLQC
S2B_MSIL1C_20240708T095549_N0510_R122_T32SPF_20240708T123334.SAFE,T32SPF,SENTINEL-2,2024-07-08T09:55:49.024000Z,,d5b101c6-fbea-40af-ab25-83b7891bc484,PASSED,,0,PASSED,PASSED,PASSED,PASSED,PASSED,0.0,0.0,,,34.060109289618,,,,,ESA_OLQC
S2B_MSIL1C_20240711T100559_N0510_R022_T32SPF_20240711T153117.SAFE,T32SPF,SENTINEL-2,2024-07-11T10:05:59.024000Z,,d695b22e-585f-4ecc-ab81-c30d6e09fbb3,PASSED,,0,PASSED,PASSED,PASSED,PASSED,PASSED,0.0,0.0,,,0.0,,,,,ESA_OLQC
S2A_MSIL1C_20240713T100031_N0510_R122_T32SPF_20240713T134128.SAFE,T32SPF,SENTINEL-2,2024-07-13T10:00:31.024000Z,,47ecbadb-258f-4fe7-8d58-98a056c71dde,PASSED,,0,PASSED,PASSED,PASSED,PASSED,PASSED,0.0,0.0,,,0.0,,,,,ESA_OLQC
S2A_MSIL1C_20240716T100601_N0510_R022_T32SPF_20240716T135119.SAFE,T32SPF,SENTINEL-2,2024-07-16T10:06:01.024000Z,,407a1a03-edef-4b03-866c-d676b35ef22f,PASSED,,0,PASSED,PASSED,PASSED,PASSED,PASSED,0.0,0.0,,,0.0,,,,,ESA_OLQC
S2B_MSIL1C_20240718T095549_N0510_R122_T32SPF_20240718T120016.SAFE,T32SPF,SENTINEL-2,2024-07-18T09:55:49.024000Z,,2e2b5d28-0865-4bc1-ac40-91ffafb06754,PASSED,,0,PASSED,PASSED,PASSED,PASSED,PASSED,0.0,0.0,,,0.0,,,,,ESA_OLQC
S2B_MSIL1C_20240721T100559_N0510_R022_T32SPF_20240721T121133.SAFE,T32SPF,SENTINEL-2,2024-07-21T10:05:59.024000Z,,7dc5bfd9-4fde-445f-81ab-f799247d8f49,PASSED,,0,PASSED,PASSED,PASSED,PASSED,PASSED,0.0,0.0,,,0.0,,,,,ESA_OLQC
S2A_MSIL1C_20240723T100031_N0511_R122_T32SPF_20240723T134202.SAFE,T32SPF,SENTINEL-2,2024-07-23T10:00:31.024000Z,,1b6db73e-aed1-4b31-938f-3afb83224a5a,PASSED,,0,PASSED,PASSED,PASSED,PASSED,PASSED,0.0,0.0,,,2.619039087462,,,,,ESA_OLQC
S2A_MSIL1C_20240726T100601_N0511_R022_T32SPF_20240726T171032.SAFE,T32SPF,SENTINEL-2,2024-07-26T10:06:01.024000Z,,c35b9de4-7f22-4fc1-9e1e-b620ca61e9ff,PASSED,,0,PASSED,PASSED,PASSED,PASSED,PASSED,0.0,0.0,,,0.0,,,,,ESA_OLQC
S2B_MSIL1C_20240728T095549_N0511_R122_T32SPF_20240728T120308.SAFE,T32SPF,SENTINEL-2,2024-07-28T09:55:49.024000Z,,a29c7db6-558a-4264-8119-57f4d950d256,PASSED,,0,PASSED,PASSED,PASSED,PASSED,PASSED,0.0,0.0,,,0.0,,,,,ESA_OLQC
S2B_MSIL1C_20240731T100559_N0511_R022_T32SPF_20240731T120937.SAFE,T32SPF,SENTINEL-2,2024-07-31T10:05:59.024000Z,,5142db99-bd27-4ba6-ad69-f164ea751096,PASSED,,0,PASSED,PASSED,PASSED,PASSED,PASSED,0.0,0.0,,,0.0,,,,,ESA_OLQC
S2A_MSIL1C_20240805T100601_N0511_R022_T32SPF_20240805T153012.SAFE,T32SPF,SENTINEL-2,2024-08-05T10:06:01.024000Z,,28a4b383-4f18-4f6e-ae09-9242b86e6c9b,PASSED,,0,PASSED,PASSED,PASSED,PASSED,PASSED,0.0,0.0,,,3.530680880767,,,,,ESA_OLQC
S2B_MSIL1C_20240807T095549_N0511_R122_T32SPF_20240807T123510.SAFE,T32SPF,SENTINEL-2,2024-08-07T09:55:49.024000Z,,8dad695b-9bd0-46c9-828f-1ea8f44daa09,PASSED,,0,PASSED,PASSED,PASSED,PASSED,PASSED,0.0,0.0,,,0.39538355878,,,,,ESA_OLQC
S2B_MSIL1C_20240810T100559_N0511_R022_T32SPF_20240810T124659.SAFE,T32SPF,SENTINEL-2,2024-08-10T10:05:59.024000Z,,0cea1748-e71a-483c-962c-fde644adda59,PASSED,,0,PASSED,PASSED,PASSED,PASSED,PASSED,0.0,0.0,,,0.0,,,,,ESA_OLQC
S2A_MSIL1C_20240812T100031_N0511_R122_T32SPF_20240812T134118.SAFE,T32SPF,SENTINEL-2,2024-08-12T10:00:31.024000Z,,077de159-2167-4662-b1e2-66ebc38fc4b7,PASSED,,0,PASSED,PASSED,PASSED,PASSED,PASSED,0.0,0.0,,,0.0,,,,,ESA_OLQC
S2A_MSIL1C_20240815T100551_N0511_R022_T32SPF_20240815T135116.SAFE,T32SPF,SENTINEL-2,2024-08-15T10:05:51.024000Z,,0ae3cbc3-2f40-497c-bda2-3c0f5ecc68f6,PASSED,,0,PASSED,PASSED,PASSED,PASSED,PASSED,0.0,0.0,,,46.668520310092,,,,,ESA_OLQC
S2B_MSIL1C_20240817T095549_N0511_R122_T32SPF_20240817T122306.SAFE,T32SPF,SENTINEL-2,2024-08-17T09:55:49.024000Z,,87dcbd22-ea8e-482e-97ae-19ac98da2c51,PASSED,,0,PASSED,PASSED,PASSED,PASSED,PASSED,0.0,0.0,,,43.824628982651,,,,,ESA_OLQC
S2B_MSIL1C_20240820T100559_N0511_R022_T32SPF_20240820T135209.SAFE,T32SPF,SENTINEL-2,2024-08-20T10:05:59.024000Z,,5d634d00-69f6-4f7c-a564-5d5f9db0b856,PASSED,,0,PASSED,PASSED,PASSED,PASSED,PASSED,0.0,0.0,,,20.31422733765,,,,,ESA_OLQC
S2A_MSIL1C_20240822T100021_N0511_R122_T32SPF_20240822T134447.SAFE,T32SPF,SENTINEL-2,2024-08-22T10:00:21.024000Z,,15a1edeb-de77-480e-a807-4dd87ad5185d,PASSED,,0,PASSED,PASSED,PASSED,PASSED,PASSED,0.0,0.0,,,30.100271731016,,,,,ESA_OLQC
S2A_MSIL1C_20240825T100551_N0511_R022_T32SPF_20240825T135210.SAFE,T32SPF,SENTINEL-2,2024-08-25T10:05:51.024000Z,,3bbae952-9818-482b-83ae-fc9f2096823b,PASSED,,0,PASSED,PASSED,PASSED,PASSED,PASSED,0.0,0.0,,,0.0,,,,,ESA_OLQC
S2A_MSIL1C_20240825T100551_N0511_R022_T32SPF_20240825T153039.SAFE,T32SPF,SENTINEL-2,2024-08-25T10:05:51.024000Z,,aca03c90-078a-44f8-b3cc-3c80667ffc5c,PASSED,,0,PASSED,PASSED,PASSED,PASSED,PASSED,0.0,0.0,,,0.0,,,,,ESA_OLQC
S2B_MSIL1C_20240827T095549_N0511_R122_T32SPF_20240827T124010.SAFE,T32SPF,SENTINEL-2,2024-08-27T09:55:49.024000Z,,e82e35dc-a879-4e54-b205-eea8e3c3ea25,PASSED,,0,PASSED,PASSED,PASSED,PASSED,PASSED,0.0,0.0,,,0.029293200752,,,,,ESA_OLQC
S2B_MSIL1C_20240830T100559_N0511_R022_T32SPF_20240830T135805.SAFE,T32SPF,SENTINEL-2,2024-08-30T10:05:59.024000Z,,4af0e7ae-0fa4-4599-917f-a4b5fc720c09,PASSED,,0,PASSED,PASSED,PASSED,PASSED,PASSED,0.0,0.0,,,0.888622975702,,,,,ESA_OLQC
S2A_MSIL1C_20240904T100551_N0511_R022_T32SPF_20240904T153022.SAFE,T32SPF,SENTINEL-2,2024-09-04T10:05:51.025000Z,,caf5340f-ad99-40d8-9654-5e0f54f0639a,PASSED,,0,PASSED,PASSED,PASSED,PASSED,PASSED,0.0,0.0,,,27.043086407127,,,,,ESA_OLQC
S2B_MSIL1C_20240906T095549_N0511_R122_T32SPF_20240906T152044.SAFE,T32SPF,SENTINEL-2,2024-09-06T09:55:49.024000Z,,3620693e-33ff-4301-a3bd-6177ba9b7769,PASSED,,0,PASSED,PASSED,PASSED,PASSED,PASSED,0.0,0.0,,,0.008241512138,,,,,ESA_OLQC
S2B_MSIL1C_20240909T100559_N0511_R022_T32SPF_20240909T124756.SAFE,T32SPF,SENTINEL-2,2024-09-09T10:05:59.024000Z,,07349e83-9c06-4548-8e20-704f3c5c1601,PASSED,,0,PASSED,PASSED,PASSED,PASSED,PASSED,0.0,0.0,,,40.737983532193,,,,,ESA_OLQC
S2A_MSIL1C_20240911T100021_N0511_R122_T32SPF_20240911T123232.SAFE,T32SPF,SENTINEL-2,2024-09-11T10:00:21.024000Z,,af8dce2a-090b-415a-941a-f0f099d88022,PASSED,,0,PASSED,PASSED,PASSED,PASSED,PASSED,0.0,0.0,,,23.250828630296,,,,,ESA_OLQC
S2A_MSIL1C_20240914T100631_N0511_R022_T32SPF_20240914T135115.SAFE,T32SPF,SENTINEL-2,2024-09-14T10:06:31.024000Z,,ab03dfa9-015c-4697-ac27-b52e9911ddaf,PASSED,,0,PASSED,PASSED,PASSED,PASSED,PASSED,0.0,0.0,,,13.310078617466,,,,,ESA_OLQC
S2B_MSIL1C_20240916T100029_N0511_R122_T32SPF_20240916T134031.SAFE,T32SPF,SENTINEL-2,2024-09-16T10:00:29.024000Z,,3c7f5331-5ca5-47d6-a252-165ff0ab5594,PASSED,,0,PASSED,PASSED,PASSED,PASSED,PASSED,0.0,0.0,,,12.475290393861,,,,,ESA_OLQC
S2B_MSIL1C_20240919T101019_N0511_R022_T32SPF_20240919T153011.SAFE,T32SPF,SENTINEL-2,2024-09-19T10:10:19.025000Z,,8bc46e07-ff7c-42b3-80b7-5f963149981f,PASSED,,0,PASSED,PASSED,PASSED,PASSED,PASSED,0.0,0.0,,,99.971311408371,,,,,ESA_OLQC
S2A_MSIL1C_20240921T100031_N0511_R122_T32SPF_20240921T120138.SAFE,T32SPF,SENTINEL-2,2024-09-21T10:00:31.024000Z,,800ec1aa-a6b8-4d32-b415-e14aa797fcc7,PASSED,,0,PASSED,PASSED,PASSED,PASSED,PASSED,0.0,0.0,,,22.689300964496,,,,,ESA_OLQC
S2A_MSIL1C_20240924T100741_N0511_R022_T32SPF_20240924T121137.SAFE,T32SPF,SENTINEL-2,2024-09-24T10:07:41.024000Z,,62920b53-d368-4c3a-a8a2-ce6bb2a4ca71,PASSED,,0,PASSED,PASSED,PASSED,PASSED,PASSED,0.0,0.0,,,4.328469220568,,,,,ESA_OLQC
S2B_MSIL1C_20240926T100029_N0511_R122_T32SPF_20240926T123754.SAFE,T32SPF,SENTINEL-2,2024-09-26T10:00:29.024000Z,,059f1a40-9300-4bc5-8981-664743e5f5b4,PASSED,,0,PASSED,PASSED,PASSED,PASSED,PASSED,0.0,0.0,,,0.077786735943,,,,,ESA_OLQC
S2B_MSIL1C_20240929T100719_N0511_R022_T32SPF_20240929T124821.SAFE,T32SPF,SENTINEL-2,2024-09-29T10:07:19.024000Z,,e8342e29-8e71-4753-b9bf-a7fd6a0ce72a,PASSED,,0,PASSED,PASSED,PASSED,PASSED,PASSED,0.0,0.0,,,0.0,,,,,ESA_OLQC
S2A_MSIL1C_20241001T100031_N0511_R122_T32SPF_20241001T120155.SAFE,T32SPF,SENTINEL-2,2024-10-01T10:00:31.024000Z,,60f9c9f0-532e-46d0-9f16-d56ac074af49,PASSED,,0,PASSED,PASSED,PASSED,PASSED,PASSED,0.0,0.0,,,0.0,,,,,ESA_OLQC
S2A_MSIL1C_20241004T100851_N0511_R022_T32SPF_20241004T121431.SAFE,T32SPF,SENTINEL-2,2024-10-04T10:08:51.024000Z,,8801cd7b-b027-43cc-ac1c-ede4b2f085ba,PASSED,,0,PASSED,PASSED,PASSED,PASSED,PASSED,0.0,0.0,,,2.411553362392,,,,,ESA_OLQC
S2B_MSIL1C_20241006T100029_N0511_R122_T32SPF_20241006T123445.SAFE,T32SPF,SENTINEL-2,2024-10-06T10:00:29.024000Z,,180ae1ca-b3dd-4a2d-b77b-804637529674,PASSED,,0,PASSED,PASSED,PASSED,PASSED,PASSED,0.0,0.0,,,3.007465137806,,,,,ESA_OLQC
S2B_MSIL1C_20241009T100829_N0511_R022_T32SPF_20241009T124639.SAFE,T32SPF,SENTINEL-2,2024-10-09T10:08:29.024000Z,,5aace30c-f8f7-4aa1-b295-f6f21428e2a1,PASSED,,0,PASSED,PASSED,PASSED,PASSED,PASSED,0.0,0.0,,,2.540669382037,,,,,ESA_OLQC
S2A_MSIL1C_20241011T100021_N0511_R122_T32SPF_20241011T120030.SAFE,T32SPF,SENTINEL-2,2024-10-11T10:00:21.025000Z,,06ebb5bd-1ce1-4266-9672-9f772da81c8c,PASSED,,0,PASSED,PASSED,PASSED,PASSED,PASSED,0.0,0.0,,,65.321926602765,,,,,ESA_OLQC
S2A_MSIL1C_20241014T101021_N0511_R022_T32SPF_20241014T121219.SAFE,T32SPF,SENTINEL-2,2024-10-14T10:10:21.024000Z,,c394bd7b-1404-44e2-beb1-4a499d8f3d76,PASSED,,0,PASSED,PASSED,PASSED,PASSED,PASSED,0.0,0.0,,,8.526448971903,,,,,ESA_OLQC
S2B_MSIL1C_20241016T100029_N0511_R122_T32SPF_20241016T151956.SAFE,T32SPF,SENTINEL-2,2024-10-16T10:00:29.024000Z,,ac4554a2-d60f-4da4-9d25-81434a993227,PASSED,,0,PASSED,PASSED,PASSED,PASSED,PASSED,0.0,0.0,,,81.725491952582,,,,,ESA_OLQC
S2B_MSIL1C_20241019T100939_N0511_R022_T32SPF_20241019T123510.SAFE,T32SPF,SENTINEL-2,2024-10-19T10:09:39.024000Z,,4a195cb0-5fc9-4c22-a354-ac832d20a9a5,PASSED,,0,PASSED,PASSED,PASSED,PASSED,PASSED,0.0,0.0,,,55.128302647189,,,,,ESA_OLQC
S2A_MSIL1C_20241021T100041_N0511_R122_T32SPF_20241021T120158.SAFE,T32SPF,SENTINEL-2,2024-10-21T10:00:41.024000Z,,12e16733-d72f-49f0-a631-baa2186301b6,PASSED,,0,PASSED,PASSED,PASSED,PASSED,PASSED,0.0,0.0,,,30.710916095008,,,,,ESA_OLQC
S2A_MSIL1C_20241021T100041_N0511_R122_T32SPF_20241021T105114.SAFE,T32SPF,SENTINEL-2,2024-10-21T10:00:41.024000Z,,27d70c8d-cdf3-40df-9b98-634c4994d8f4,PASSED,,0,PASSED,PASSED,PASSED,PASSED,PASSED,0.0,0.0,,,23.674370688883,,,,,ESA_OLQC
S2A_MSIL1C_20241024T101101_N0511_R022_T32SPF_20241024T121343.SAFE,T32SPF,SENTINEL-2,2024-10-24T10:11:01.024000Z,,a84494ba-5ebf-4ee0-b45b-fbd78ab5c053,PASSED,,0,PASSED,PASSED,PASSED,PASSED,PASSED,0.0,0.0,,,75.20740701993,,,,,ESA_OLQC
S2B_MSIL1C_20241026T100029_N0511_R122_T32SPF_20241026T122914.SAFE,T32SPF,SENTINEL-2,2024-10-26T10:00:29.024000Z,,acf91008-5bce-40f1-a140-011f7d6251aa,PASSED,,0,PASSED,PASSED,PASSED,PASSED,PASSED,0.0,0.0,,,63.932992923049,,,,,ESA_OLQC
S2B_MSIL1C_20241029T101039_N0511_R022_T32SPF_20241029T121202.SAFE,T32SPF,SENTINEL-2,2024-10-29T10:10:39.024000Z,,f7cc06c4-a8f2-47d9-9217-ea2cd4ede4d6,PASSED,,0,PASSED,PASSED,PASSED,PASSED,PASSED,0.0,0.0,,,32.885193393751,,,,,ESA_OLQC
S2A_MSIL1C_20241031T100141_N0511_R122_T32SPF_20241031T120422.SAFE,T32SPF,SENTINEL-2,2024-10-31T10:01:41.024000Z,,d75593ea-c880-43d8-b6d7-639ef53241dc,FAILED,general_quality,1,PASSED,PASSED,FAILED,PASSED,PASSED,0.0,0.0,,,11.690764131506,,,,,ESA_OLQC
S2A_MSIL1C_20241103T101201_N0511_R022_T32SPF_20241103T121114.SAFE,T32SPF,SENTINEL-2,2024-11-03T10:12:01.024000Z,,6ede2db4-e478-4e6e-9901-10684eb5910b,PASSED,,0,PASSED,PASSED,PASSED,PASSED,PASSED,0.0,0.0,,,0.389747731865,,,,,ESA_OLQC
S2B_MSIL1C_20241105T100109_N0511_R122_T32SPF_20241105T115945.SAFE,T32SPF,SENTINEL-2,2024-11-05T10:01:09.024000Z,,64fe0113-c032-4817-aa89-3d676c678e0a,PASSED,,0,PASSED,PASSED,PASSED,PASSED,PASSED,0.0,0.0,,,0.520499268416,,,,,ESA_OLQC
S2B_MSIL1C_20241108T101129_N0511_R022_T32SPF_20241108T121214.SAFE,T32SPF,SENTINEL-2,2024-11-08T10:11:29.024000Z,,287c255c-2d6d-4175-ba35-b58c83c6589e,PASSED,,0,PASSED,PASSED,PASSED,PASSED,PASSED,0.0,0.0,,,72.930877950631,,,,,ESA_OLQC
S2A_MSIL1C_20241110T100231_N0511_R122_T32SPF_20241110T105049.SAFE,T32SPF,SENTINEL-2,2024-11-10T10:02:31.024000Z,,1b87d392-b386-4dfc-8bab-604aa8178831,PASSED,,0,PASSED,PASSED,PASSED,PASSED,PASSED,0.0,0.0,,,42.977455283824,,,,,ESA_OLQC
S2A_MSIL1C_20241113T101251_N0511_R022_T32SPF_20241113T121135.SAFE,T32SPF,SENTINEL-2,2024-11-13T10:12:51.024000Z,,b77730ab-8b01-430e-8eac-8d563a469fe2,PASSED,,0,PASSED,PASSED,PASSED,PASSED,PASSED,0.0,0.0,,,0.0,,,,,ESA_OLQC
S2B_MSIL1C_20241115T100159_N0511_R122_T32SPF_20241115T120232.SAFE,T32SPF,SENTINEL-2,2024-11-15T10:01:59.024000Z,,e4241ba1-67a2-4664-978f-595d23fe04a9,PASSED,,0,PASSED,PASSED,PASSED,PASSED,PASSED,0.0,0.0,,,30.712831078862,,,,,ESA_OLQC
S2B_MSIL1C_20241118T101219_N0511_R022_T32SPF_20241118T121114.SAFE,T32SPF,SENTINEL-2,2024-11-18T10:12:19.024000Z,,c20dd545-07f5-4cb6-9b42-b3497142d38e,PASSED,,0,PASSED,PASSED,PASSED,PASSED,PASSED,0.0,0.0,,,51.373540891197,,,,,ESA_OLQC
S2A_MSIL1C_20241120T100321_N0511_R122_T32SPF_20241120T120134.SAFE,T32SPF,SENTINEL-2,2024-11-20T10:03:21.024000Z,,3e15e2d9-7c36-471b-ab57-da38aed65711,PASSED,,0,PASSED,PASSED,PASSED,PASSED,PASSED,0.0,0.0,,,0.0,,,,,ESA_OLQC
S2A_MSIL1C_20241123T101341_N0511_R022_T32SPF_20241123T121131.SAFE,T32SPF,SENTINEL-2,2024-11-23T10:13:41.024000Z,,c1f37186-ebf9-4ece-b307-649929f95c46,PASSED,,0,PASSED,PASSED,PASSED,PASSED,PASSED,0.0,0.0,,,6.557127140886,,,,,ESA_OLQC
S2B_MSIL1C_20241125T100249_N0511_R122_T32SPF_20241125T120151.SAFE,T32SPF,SENTINEL-2,2024-11-25T10:02:49.024000Z,,6b37f372-4c1a-4eec-9c93-97d9340fe7a5,FAILED,general_quality,1,PASSED,PASSED,FAILED,PASSED,PASSED,0.0,0.0,,,2.53934127624,,,,,ESA_OLQC
S2B_MSIL1C_20241128T101259_N0511_R022_T32SPF_20241128T105426.SAFE,T32SPF,SENTINEL-2,2024-11-28T10:12:59.024000Z,,e0c89144-8cfb-4851-9d19-f4cb49733cc3,PASSED,,0,PASSED,PASSED,PASSED,PASSED,PASSED,0.0,0.0,,,0.453844676561,,,,,ESA_OLQC
S2A_MSIL1C_20241130T100351_N0511_R122_T32SPF_20241130T105050.SAFE,T32SPF,SENTINEL-2,2024-11-30T10:03:51.024000Z,,c4ba7c8d-a644-42e6-8e0d-77529fbc5c2c,PASSED,,0,PASSED,PASSED,PASSED,PASSED,PASSED,0.0,0.0,,,27.745020753083,,,,,ESA_OLQC
S2A_MSIL1C_20241203T101411_N0511_R022_T32SPF_20241203T121004.SAFE,T32SPF,SENTINEL-2,2024-12-03T10:14:11.024000Z,,04b8760f-bf1f-49fe-af13-971745c17d3b,PASSED,,0,PASSED,PASSED,PASSED,PASSED,PASSED,0.0,0.0,,,3.610527928204,,,,,ESA_OLQC
S2B_MSIL1C_20241205T100319_N0511_R122_T32SPF_20241205T115813.SAFE,T32SPF,SENTINEL-2,2024-12-05T10:03:19.024000Z,,a8a66cf3-8933-4aff-8e11-730dad2e993d,PASSED,,0,PASSED,PASSED,PASSED,PASSED,PASSED,0.0,0.0,,,72.962315984353,,,,,ESA_OLQC
S2B_MSIL1C_20241208T101329_N0511_R022_T32SPF_20241208T123626.SAFE,T32SPF,SENTINEL-2,2024-12-08T10:13:29.024000Z,,ecf2bea5-5a66-49a3-91c8-d092550df55d,PASSED,,0,PASSED,PASSED,PASSED,PASSED,PASSED,0.0,0.0,,,65.713901467078,,,,,ESA_OLQC
S2A_MSIL1C_20241210T100411_N0511_R122_T32SPF_20241210T105258.SAFE,T32SPF,SENTINEL-2,2024-12-10T10:04:11.024000Z,,cedf2706-4d9c-4c65-b7b4-34235639d2d0,PASSED,,0,PASSED,PASSED,PASSED,PASSED,PASSED,0.0,0.0,,,0.0,,,,,ESA_OLQC
S2C_MSIL1C_20241210T100441_N9905_R122_T32SPF_20241210T120009.SAFE,T32SPF,SENTINEL-2,2024-12-10T10:04:41.024000Z,,16db8e42-5e04-453d-bdaf-abb3191c0e03,PASSED,,0,PASSED,PASSED,PASSED,PASSED,PASSED,0.0,0.0,,,0.0,,,,,ESA_OLQC
S2C_MSIL1C_20241210T100441_N0511_R122_T32SPF_20260520T142112.SAFE,T32SPF,SENTINEL-2,2024-12-10T10:04:41.024000Z,,b0c4dfbe-00c1-471a-bfca-b906008bdf46,PASSED,,0,PASSED,PASSED,PASSED,PASSED,PASSED,0.0,0.0,,,0.0,,,,,ESA_OLQC
S2A_MSIL1C_20241213T101431_N0511_R022_T32SPF_20241213T121145.SAFE,T32SPF,SENTINEL-2,2024-12-13T10:14:31.024000Z,,0fb2d6c7-60a3-4c0f-9811-512893927e35,PASSED,,0,PASSED,PASSED,PASSED,PASSED,PASSED,0.0,0.0,,,10.608875288096,,,,,ESA_OLQC
S2C_MSIL1C_20241213T101451_N9905_R022_T32SPF_20241213T121010.SAFE,T32SPF,SENTINEL-2,2024-12-13T10:14:51.025000Z,,2ea98ad5-ae0d-44b5-a3b8-b6101030ea31,PASSED,,0,PASSED,PASSED,PASSED,PASSED,PASSED,0.0,0.0,,,11.219362197564,,,,,ESA_OLQC
S2C_MSIL1C_20241213T101451_N0511_R022_T32SPF_20260430T194031.SAFE,T32SPF,SENTINEL-2,2024-12-13T10:14:51.025000Z,,b8bb2d96-418b-4f56-b4ab-db0b70d265a4,PASSED,,0,PASSED,PASSED,PASSED,PASSED,PASSED,0.0,0.0,,,10.678777270541,,,,,ESA_OLQC
S2B_MSIL1C_20241215T100329_N0511_R122_T32SPF_20241215T123747.SAFE,T32SPF,SENTINEL-2,2024-12-15T10:03:29.024000Z,,2a188c3f-0683-4f6d-841e-de36ad9bd443,PASSED,,0,PASSED,PASSED,PASSED,PASSED,PASSED,0.0,0.0,,,77.027322404372,,,,,ESA_OLQC
S2B_MSIL1C_20241218T101339_N0511_R022_T32SPF_20241218T134644.SAFE,T32SPF,SENTINEL-2,2024-12-18T10:13:39.024000Z,,e72aae3a-3b04-4600-a735-d3817efd8338,PASSED,,0,PASSED,PASSED,PASSED,PASSED,PASSED,0.0,0.0,,,0.0,,,,,ESA_OLQC
S2A_MSIL1C_20241220T100431_N0511_R122_T32SPF_20241220T120159.SAFE,T32SPF,SENTINEL-2,2024-12-20T10:04:31.024000Z,,951a9c7f-f3ec-4b3d-a080-38b7ce83b29d,PASSED,,0,PASSED,PASSED,PASSED,PASSED,PASSED,0.0,0.0,,,61.643196273403,,,,,ESA_OLQC
S2A_MSIL1C_20241223T101431_N0511_R022_T32SPF_20241223T110208.SAFE,T32SPF,SENTINEL-2,2024-12-23T10:14:31.024000Z,,0597d0de-9fed-4939-add9-84b9c9968926,PASSED,,0,PASSED,PASSED,PASSED,PASSED,PASSED,0.0,0.0,,,12.944044103814,,,,,ESA_OLQC
S2A_MSIL1C_20241223T101431_N0511_R022_T32SPF_20241223T120836.SAFE,T32SPF,SENTINEL-2,2024-12-23T10:14:31.024000Z,,6e90da84-4a69-4a37-b4b9-b0ec114a01ec,PASSED,,0,PASSED,PASSED,PASSED,PASSED,PASSED,0.0,0.0,,,35.599181961685,,,,,ESA_OLQC
S2B_MSIL1C_20241225T100339_N0511_R122_T32SPF_20241225T133533.SAFE,T32SPF,SENTINEL-2,2024-12-25T10:03:39.024000Z,,a4c11d4b-e2b9-4198-812b-86c153136046,PASSED,,0,PASSED,PASSED,PASSED,PASSED,PASSED,0.0,0.0,,,80.762399593897,,,,,ESA_OLQC
S2B_MSIL1C_20241228T101339_N0511_R022_T32SPF_20241228T120532.SAFE,T32SPF,SENTINEL-2,2024-12-28T10:13:39.024000Z,,f70d39e4-252a-40ec-b7f2-0ae09a3e6cde,FAILED,general_quality,1,PASSED,PASSED,FAILED,PASSED,PASSED,0.0,0.0,,,2.480094783019,,,,,ESA_OLQC
S2A_MSIL1C_20241230T100421_N0511_R122_T32SPF_20241230T120144.SAFE,T32SPF,SENTINEL-2,2024-12-30T10:04:21.024000Z,,96df7cad-35d6-4042-a989-cc7814db429e,PASSED,,0,PASSED,PASSED,PASSED,PASSED,PASSED,0.0,0.0,,,4.26480336827,,,,,ESA_OLQC
S2A_MSIL1C_20250102T101421_N0511_R022_T32SPF_20250102T120834.SAFE,T32SPF,SENTINEL-2,2025-01-02T10:14:21.024000Z,,fdae728e-8cc2-45c4-bac1-83f27d1c41b4,PASSED,,0,PASSED,PASSED,PASSED,PASSED,PASSED,0.0,0.0,,,91.181254250348,,,,,ESA_OLQC
S2B_MSIL1C_20250104T100319_N0511_R122_T32SPF_20250104T122800.SAFE,T32SPF,SENTINEL-2,2025-01-04T10:03:19.024000Z,,625926c4-06c5-47f4-a682-a532d34a65ec,PASSED,,0,PASSED,PASSED,PASSED,PASSED,PASSED,0.0,0.0,,,27.351817014542,,,,,ESA_OLQC
S2B_MSIL1C_20250107T101319_N0511_R022_T32SPF_20250107T123535.SAFE,T32SPF,SENTINEL-2,2025-01-07T10:13:19.024000Z,,78aa9516-d64c-48f9-bb79-e9415a5acbe7,PASSED,,0,PASSED,PASSED,PASSED,PASSED,PASSED,0.0,0.0,,,0.0,,,,,ESA_OLQC
S2A_MSIL1C_20250109T100401_N0511_R122_T32SPF_20250109T105639.SAFE,T32SPF,SENTINEL-2,2025-01-09T10:04:01.024000Z,,17dcf44c-25e6-437b-bcb9-b159702113f0,PASSED,,0,PASSED,PASSED,PASSED,PASSED,PASSED,0.0,0.0,,,24.943623279286,,,,,ESA_OLQC
S2A_MSIL1C_20250112T101401_N0511_R022_T32SPF_20250112T120812.SAFE,T32SPF,SENTINEL-2,2025-01-12T10:14:01.024000Z,,79bd5063-8f12-44e8-942b-ecbb1f4118ba,PASSED,,0,PASSED,PASSED,PASSED,PASSED,PASSED,0.0,0.0,,,97.033725927223,,,,,ESA_OLQC
S2B_MSIL1C_20250114T100259_N0511_R122_T32SPF_20250114T122909.SAFE,T32SPF,SENTINEL-2,2025-01-14T10:02:59.024000Z,,e82af7aa-52ee-462d-8bc8-8314bb0d3ad6,PASSED,,0,PASSED,PASSED,PASSED,PASSED,PASSED,0.0,0.0,,,89.515124369196,,,,,ESA_OLQC
S2B_MSIL1C_20250117T101249_N0511_R022_T32SPF_20250117T152434.SAFE,T32SPF,SENTINEL-2,2025-01-17T10:12:49.024000Z,,94e88c43-80fb-4a24-9235-ecc9b18faf36,PASSED,,0,PASSED,PASSED,PASSED,PASSED,PASSED,0.0,0.0,,,100.0,,,,,ESA_OLQC
S2A_MSIL1C_20250119T100331_N0511_R122_T32SPF_20250119T105423.SAFE,T32SPF,SENTINEL-2,2025-01-19T10:03:31.024000Z,,7d3061fa-33a0-468e-88c8-5e8c7b88a009,PASSED,,0,PASSED,PASSED,PASSED,PASSED,PASSED,0.0,0.0,,,5.440831317746,,,,,ESA_OLQC
S2C_MSIL1C_20250122T101351_N0511_R022_T32SPF_20250122T122759.SAFE,T32SPF,SENTINEL-2,2025-01-22T10:13:51.025000Z,,a3a12e5f-4afa-4fb8-882c-8cdc69dc0506,PASSED,,0,PASSED,PASSED,PASSED,PASSED,PASSED,0.0,0.0,,,84.677938329422,,,,,ESA_OLQC
S2B_MSIL1C_20250124T100219_N0511_R122_T32SPF_20250124T133546.SAFE,T32SPF,SENTINEL-2,2025-01-24T10:02:19.024000Z,,f6af43d3-a58d-4b55-ac9a-de070bcd31aa,FAILED,general_quality,1,PASSED,PASSED,FAILED,PASSED,PASSED,0.0,0.0,,,0.069724387112,,,,,ESA_OLQC
S2B_MSIL1C_20250127T101209_N0511_R022_T32SPF_20250127T123932.SAFE,T32SPF,SENTINEL-2,2025-01-27T10:12:09.024000Z,,25395d0b-f278-4b9e-9fdf-6f7bcb2a0e9a,PASSED,,0,PASSED,PASSED,PASSED,PASSED,PASSED,0.0,0.0,,,100.0,,,,,ESA_OLQC
S2C_MSIL1C_20250201T101301_N0511_R022_T32SPF_20250201T122728.SAFE,T32SPF,SENTINEL-2,2025-02-01T10:13:01.025000Z,,c4871193-aeff-48ed-96a5-569f9de46cb1,FAILED,geometric_quality,1,PASSED,FAILED,PASSED,PASSED,PASSED,0.0,0.0,,,99.996517555538,,,,,ESA_OLQC
S2B_MSIL1C_20250203T100129_N0511_R122_T32SPF_20250203T115506.SAFE,T32SPF,SENTINEL-2,2025-02-03T10:01:29.024000Z,,e3a8d91b-c756-44ac-a8d7-c478c6eb39f6,PASSED,,0,PASSED,PASSED,PASSED,PASSED,PASSED,0.0,0.0,,,59.843470990474,,,,,ESA_OLQC
S2B_MSIL1C_20250206T101109_N0511_R022_T32SPF_20250206T134426.SAFE,T32SPF,SENTINEL-2,2025-02-06T10:11:09.025000Z,,6a0e19f1-469f-4ece-baae-1a4d92607b32,PASSED,,0,PASSED,PASSED,PASSED,PASSED,PASSED,0.0,0.0,,,57.292671335763,,,,,ESA_OLQC
S2C_MSIL1C_20250208T100221_N0511_R122_T32SPF_20250208T121420.SAFE,T32SPF,SENTINEL-2,2025-02-08T10:02:21.025000Z,,01417c27-af4c-4220-934d-560cd42aafd9,PASSED,,0,PASSED,PASSED,PASSED,PASSED,PASSED,0.0,0.0,,,31.83239272597,,,,,ESA_OLQC
S2C_MSIL1C_20250211T101201_N0511_R022_T32SPF_20250211T122750.SAFE,T32SPF,SENTINEL-2,2025-02-11T10:12:01.025000Z,,55916c21-30f5-4da9-acc8-f43800c6479e,PASSED,,0,PASSED,PASSED,PASSED,PASSED,PASSED,0.0,0.0,,,57.473167935285,,,,,ESA_OLQC
S2B_MSIL1C_20250213T100029_N0511_R122_T32SPF_20250213T122736.SAFE,T32SPF,SENTINEL-2,2025-02-13T10:00:29.024000Z,,0382e09b-4959-4a95-b27e-fe781e112e7b,PASSED,,0,PASSED,PASSED,PASSED,PASSED,PASSED,0.0,0.0,,,99.459016393443,,,,,ESA_OLQC
S2B_MSIL1C_20250216T101029_N0511_R022_T32SPF_20250216T123120.SAFE,T32SPF,SENTINEL-2,2025-02-16T10:10:29.024000Z,,fcf946be-d705-4c8a-ba93-976de1e5d99d,PASSED,,0,PASSED,PASSED,PASSED,PASSED,PASSED,0.0,0.0,,,0.0,,,,,ESA_OLQC
S2C_MSIL1C_20250218T100111_N0511_R122_T32SPF_20250218T133855.SAFE,T32SPF,SENTINEL-2,2025-02-18T10:01:11.025000Z,,3b2d8047-5c3e-46be-a5a6-c0a2b1ebb0e5,PASSED,,0,PASSED,PASSED,PASSED,PASSED,PASSED,0.0,0.0,,,9.72864009924,,,,,ESA_OLQC
S2C_MSIL1C_20250218T100111_N0511_R122_T32SPF_20250218T121443.SAFE,T32SPF,SENTINEL-2,2025-02-18T10:01:11.025000Z,,55af5b1f-1049-4890-a8d4-e5f50a344249,PASSED,,0,PASSED,PASSED,PASSED,PASSED,PASSED,0.0,0.0,,,15.102078215792,,,,,ESA_OLQC
S2C_MSIL1C_20250221T101051_N0511_R022_T32SPF_20250221T152956.SAFE,T32SPF,SENTINEL-2,2025-02-21T10:10:51.025000Z,,d470f202-a4b7-49d6-9e67-ff9e4547c85d,PASSED,,0,PASSED,PASSED,PASSED,PASSED,PASSED,0.0,0.0,,,10.36885365708,,,,,ESA_OLQC
S2B_MSIL1C_20250223T100029_N0511_R122_T32SPF_20250223T133438.SAFE,T32SPF,SENTINEL-2,2025-02-23T10:00:29.024000Z,,fdaa8092-a233-43de-8f6d-39ed042de227,PASSED,,0,PASSED,PASSED,PASSED,PASSED,PASSED,0.0,0.0,,,81.06602167876,,,,,ESA_OLQC
S2B_MSIL1C_20250226T100909_N0511_R022_T32SPF_20250226T120532.SAFE,T32SPF,SENTINEL-2,2025-02-26T10:09:09.024000Z,,429d83f1-87df-4d3c-bf1a-dbc5d81a7921,PASSED,,0,PASSED,PASSED,PASSED,PASSED,PASSED,0.0,0.0,,,99.997339279158,,,,,ESA_OLQC
S2C_MSIL1C_20250228T100051_N0511_R122_T32SPF_20250228T134113.SAFE,T32SPF,SENTINEL-2,2025-02-28T10:00:51.025000Z,,29267b53-3e44-482b-95c6-c85ffd331493,PASSED,,0,PASSED,PASSED,PASSED,PASSED,PASSED,0.0,0.0,,,91.287766132163,,,,,ESA_OLQC
S2C_MSIL1C_20250303T100951_N0511_R022_T32SPF_20250303T135017.SAFE,T32SPF,SENTINEL-2,2025-03-03T10:09:51.025000Z,,13c3387f-6722-469f-9d29-39258bb68a66,PASSED,,0,PASSED,PASSED,PASSED,PASSED,PASSED,0.0,0.0,,,19.318375312717,,,,,ESA_OLQC
S2C_MSIL1C_20250303T100951_N0511_R022_T32SPF_20250303T142650.SAFE,T32SPF,SENTINEL-2,2025-03-03T10:09:51.025000Z,,1d3224d2-bee3-470d-8a7e-b405787baab6,PASSED,,0,PASSED,PASSED,PASSED,PASSED,PASSED,0.0,0.0,,,14.493802491243,,,,,ESA_OLQC
S2B_MSIL1C_20250305T100029_N0511_R122_T32SPF_20250305T122546.SAFE,T32SPF,SENTINEL-2,2025-03-05T10:00:29.024000Z,,8ca6c403-f4af-405e-a285-d5e772cc3b67,PASSED,,0,PASSED,PASSED,PASSED,PASSED,PASSED,0.0,0.0,,,29.054614948192,,,,,ESA_OLQC
S2B_MSIL1C_20250308T100749_N0511_R022_T32SPF_20250308T120511.SAFE,T32SPF,SENTINEL-2,2025-03-08T10:07:49.024000Z,,3b855421-9a44-4662-8c07-694322ef2403,PASSED,,0,PASSED,PASSED,PASSED,PASSED,PASSED,0.0,0.0,,,11.039701154715,,,,,ESA_OLQC
S2C_MSIL1C_20250310T100051_N0511_R122_T32SPF_20250310T134532.SAFE,T32SPF,SENTINEL-2,2025-03-10T10:00:51.025000Z,,db1ce8dd-ce0a-415e-88c1-df6609d876d8,PASSED,,0,PASSED,PASSED,PASSED,PASSED,PASSED,0.0,0.0,,,19.915823106094,,,,,ESA_OLQC
S2C_MSIL1C_20250313T100831_N0511_R022_T32SPF_20250313T142455.SAFE,T32SPF,SENTINEL-2,2025-03-13T10:08:31.025000Z,,7b53e153-4f3d-44fe-927e-427413afb0f2,PASSED,,0,PASSED,PASSED,PASSED,PASSED,PASSED,0.0,0.0,,,98.819659009677,,,,,ESA_OLQC
S2B_MSIL1C_20250315T100029_N0511_R122_T32SPF_20250315T133522.SAFE,T32SPF,SENTINEL-2,2025-03-15T10:00:29.024000Z,,70c38fd2-68fa-4946-871f-8e18c716362d,PASSED,,0,PASSED,PASSED,PASSED,PASSED,PASSED,0.0,0.0,,,8.872853772881,,,,,ESA_OLQC
S2A_MSIL1C_20250315T101041_N0511_R022_T32SPF_20250315T135916.SAFE,T32SPF,SENTINEL-2,2025-03-15T10:10:41.024000Z,,68383a61-a337-409f-be01-c6bdffc4003c,PASSED,,0,PASSED,PASSED,PASSED,PASSED,PASSED,0.0,0.0,,,0.0,,,,,ESA_OLQC
S2B_MSIL1C_20250318T100639_N0511_R022_T32SPF_20250318T134421.SAFE,T32SPF,SENTINEL-2,2025-03-18T10:06:39.024000Z,,165846ca-dc33-4767-bd95-b6e943abfcf6,PASSED,,0,PASSED,PASSED,PASSED,PASSED,PASSED,0.0,0.0,,,0.732395037726,,,,,ESA_OLQC
S2C_MSIL1C_20250320T100051_N0511_R122_T32SPF_20250320T134551.SAFE,T32SPF,SENTINEL-2,2025-03-20T10:00:51.025000Z,,0ecae75e-1cdf-46b8-95cf-ca9234e46105,PASSED,,0,PASSED,PASSED,PASSED,PASSED,PASSED,0.0,0.0,,,10.831855236048,,,,,ESA_OLQC
S2A_MSIL1C_20250322T100041_N0511_R122_T32SPF_20250322T134158.SAFE,T32SPF,SENTINEL-2,2025-03-22T10:00:41.024000Z,,c3c20c4b-e57e-46ba-80e8-e23e7d2db0ac,PASSED,,0,PASSED,PASSED,PASSED,PASSED,PASSED,0.0,0.0,,,4.861954671683,,,,,ESA_OLQC
S2C_MSIL1C_20250323T100711_N0511_R022_T32SPF_20250323T142452.SAFE,T32SPF,SENTINEL-2,2025-03-23T10:07:11.025000Z,,1edd8785-2800-49ac-a307-2f84e4808336,PASSED,,0,PASSED,PASSED,PASSED,PASSED,PASSED,0.0,0.0,,,20.752260018733,,,,,ESA_OLQC
S2B_MSIL1C_20250325T100029_N0511_R122_T32SPF_20250325T133450.SAFE,T32SPF,SENTINEL-2,2025-03-25T10:00:29.024000Z,,ceaaa8b7-70db-4759-bb95-c69c17f55ced,PASSED,,0,PASSED,PASSED,PASSED,PASSED,PASSED,0.0,0.0,,,14.462778822897,,,,,ESA_OLQC
S2A_MSIL1C_20250325T100701_N0511_R022_T32SPF_20250325T135043.SAFE,T32SPF,SENTINEL-2,2025-03-25T10:07:01.024000Z,,12b9d14e-dacb-431e-90af-cb88f769b521,FAILED,general_quality,1,PASSED,PASSED,FAILED,PASSED,PASSED,0.0,0.0,,,23.891106935,,,,,ESA_OLQC
S2B_MSIL1C_20250328T100559_N0511_R022_T32SPF_20250328T123540.SAFE,T32SPF,SENTINEL-2,2025-03-28T10:05:59.024000Z,,69142e8c-25eb-4d7d-8a0f-cf31a45307ee,PASSED,,0,PASSED,PASSED,PASSED,PASSED,PASSED,0.0,0.0,,,41.667147057128,,,,,ESA_OLQC
S2C_MSIL1C_20250330T100051_N0511_R122_T32SPF_20250330T141746.SAFE,T32SPF,SENTINEL-2,2025-03-30T10:00:51.025000Z,,cf739130-ceee-4e19-aec3-06dac4afeb16,PASSED,,0,PASSED,PASSED,PASSED,PASSED,PASSED,0.0,0.0,,,34.589357699543,,,,,ESA_OLQC
S2A_MSIL1C_20250401T100041_N0511_R122_T32SPF_20250401T165650.SAFE,T32SPF,SENTINEL-2,2025-04-01T10:00:41.024000Z,,20deafe3-b30c-4120-953a-a317a4da9969,PASSED,,0,PASSED,PASSED,PASSED,PASSED,PASSED,0.0,0.0,,,15.636417928275,,,,,ESA_OLQC
S2C_MSIL1C_20250402T101051_N0511_R022_T32SPF_20250402T142532.SAFE,T32SPF,SENTINEL-2,2025-04-02T10:10:51.025000Z,,832a3173-aa57-4351-a69a-97e903f170b4,PASSED,,0,PASSED,PASSED,PASSED,PASSED,PASSED,0.0,0.0,,,82.094951261813,,,,,ESA_OLQC
S2B_MSIL1C_20250404T100029_N0511_R122_T32SPF_20250404T122558.SAFE,T32SPF,SENTINEL-2,2025-04-04T10:00:29.025000Z,,c8f1d6c3-6208-4d1b-ba48-2e784bc04621,PASSED,,0,PASSED,PASSED,PASSED,PASSED,PASSED,0.0,0.0,,,4.568783779749,,,,,ESA_OLQC
S2A_MSIL1C_20250404T101041_N0511_R022_T32SPF_20250404T170754.SAFE,T32SPF,SENTINEL-2,2025-04-04T10:10:41.024000Z,,3e41474c-1030-482a-a1c0-5bf057c8ca0e,PASSED,,0,PASSED,PASSED,PASSED,PASSED,PASSED,0.0,0.0,,,0.0,,,,,ESA_OLQC
S2B_MSIL1C_20250407T100559_N0511_R022_T32SPF_20250407T134740.SAFE,T32SPF,SENTINEL-2,2025-04-07T10:05:59.024000Z,,20223a3d-7b5f-4709-8376-e7b485542903,PASSED,,0,PASSED,PASSED,PASSED,PASSED,PASSED,0.0,0.0,,,7.915565908147,,,,,ESA_OLQC
S2C_MSIL1C_20250409T100051_N0511_R122_T32SPF_20250409T141536.SAFE,T32SPF,SENTINEL-2,2025-04-09T10:00:51.025000Z,,ac2afb55-84bf-4309-a681-1b7bdd259542,PASSED,,0,PASSED,PASSED,PASSED,PASSED,PASSED,0.0,0.0,,,74.323300188121,,,,,ESA_OLQC
